{
  "pools":[
    {
      "rolls":1,
      "entries":[
        {
          "type":"item",
          "name":"minecraft:wooden_shovel",
          "weight":1,
          "functions":[
            {
              "function":"set_name",
              "name": {
                "italic": false,
                "translate": "item.hms.wooden_excavator"
              }
            },
            {
              "function":"set_lore",
              "lore": [
                "",
                {
                  "italic": false,
                  "translate": "item.modifiers.mainhand",
                  "color": "gray"
                },
                [
                  {
                    "italic": false,
                    "translate": " 4 ",
                    "color": "dark_green"
                  },
                  {
                    "italic": false,
                    "translate": "attribute.name.generic.attack_damage"
                  }
                ],
                [
                  {
                    "italic": false,
                    "translate": " 0.8 ",
                    "color": "dark_green"
                  },
                  {
                    "italic": false,
                    "translate": "attribute.name.generic.attack_speed"
                  }
                ]
              ]
            },
            {
              "function":"set_attributes",
              "modifiers": [
                {
                  "name": "generic.attack_damage",
                  "attribute": "generic.attack_damage",
                  "operation": "addition",
                  "amount": 3,
                  "slot": "mainhand"
                },
                {
                  "name": "generic.attack_speed",
                  "attribute": "generic.attack_speed",
                  "operation": "addition",
                  "amount": -3.2,
                  "slot": "mainhand"
                }
              ]
            },
            {
              "function":"set_nbt",
              "tag": "{HideFlags:2,CustomModelData:1,HMS_TOOL_TYPE:\"excavator\"}"
            }
          ]
        }
      ]
    }
  ]
}
