{
	"parent": "hms:hms_internal/root",
	"criteria": {
		"use_hammer": {
			"trigger": "minecraft:tick",
			"conditions": {
				"player": [
					{
						"condition": "minecraft:entity_properties",
						"predicate": {
							"equipment": {
								"mainhand": {
									"nbt": "{HMS_TOOL_TYPE:\"hammer\"}"
								}
							}
						},
						"entity": "this"
					},
					{
						"condition": "alternative",
						"terms": [
							{
								"condition": "minecraft:entity_scores",
								"scores": {
									"hms_use_pickaxe0": {
										"min": 1,
										"max": 2147483647
									}
								},
								"entity": "this"
							},
							{
								"condition": "minecraft:entity_scores",
								"scores": {
									"hms_use_pickaxe1": {
										"min": 1,
										"max": 2147483647
									}
								},
								"entity": "this"
							},
							{
								"condition": "minecraft:entity_scores",
								"scores": {
									"hms_use_pickaxe2": {
										"min": 1,
										"max": 2147483647
									}
								},
								"entity": "this"
							},
							{
								"condition": "minecraft:entity_scores",
								"scores": {
									"hms_use_pickaxe3": {
										"min": 1,
										"max": 2147483647
									}
								},
								"entity": "this"
							},
							{
								"condition": "minecraft:entity_scores",
								"scores": {
									"hms_use_pickaxe4": {
										"min": 1,
										"max": 2147483647
									}
								},
								"entity": "this"
							},
							{
								"condition": "minecraft:entity_scores",
								"scores": {
									"hms_use_pickaxe5": {
										"min": 1,
										"max": 2147483647
									}
								},
								"entity": "this"
							}
						]
					}
				]
			}
		}
	},
	"requirements": [
		[
			"use_hammer"
		]
	],
	"rewards": {
		"function": "hms:advancement_rewards/use_hammer"
	}
}